title,price,rating,reviews,availability
Sony Playstation PS4 1TB Black Console,,4.7 out of 5 stars,"1,535 ratings",Only 1 left in stock - order soon.
"Playstation Sony 4, 500GB Slim System [CUH-2215AB01], Black, 3003347",,4.4 out of 5 stars,359 ratings,
PlayStation®4 Console – Call of Duty® Modern Warfare II Bundle,,4.5 out of 5 stars,108 ratings,In Stock
Sony PlayStation 4 Console 1TB - Black (Renewed),,3.7 out of 5 stars,7 ratings,Only 1 left in stock - order soon.
PlayStation 4 500GB Console [Old Model][Discontinued],,4.5 out of 5 stars,"13,598 ratings",Only 7 left in stock - order soon.
Sony PlayStation 4 Pro 1TB Console - Black (PS4 Pro),,4.4 out of 5 stars,"4,136 ratings",Only 2 left in stock - order soon.
PlayStation 4 Slim 500GB Console [Discontinued],,4.5 out of 5 stars,"1,911 ratings",Only 2 left in stock - order soon.
PlayStation 4 Slim 1TB Console - Call of Duty: Black Ops 4 Bundle [Discontinued],,4.6 out of 5 stars,"1,024 ratings",Only 7 left in stock - order soon.
PlayStation 4 Slim 1TB Limited Edition Console - Call of Duty WWII Bundle [Discontinued],,4.4 out of 5 stars,740 ratings,Only 2 left in stock - order soon.
"Flagship Newest Play Station 4 1TB HDD Only on Playstation PS4 Console Slim Bundle with Three Games: The Last of Us, God of War, Horizon Zero Dawn 1TB HDD Dualshock 4 Wireless Controller -Jet Black",,4.5 out of 5 stars,212 ratings,Not Available
PlayStation 4 Slim 1TB Console,,4.7 out of 5 stars,6 ratings,Only 10 left in stock - order soon.
"Wireless Controller Dual Vibration Game Joystick Controller for Ps4 Controller/Slim/Pro,Compatible with PS4 Console",,4.0 out of 5 stars,"2,397 ratings",In Stock
$250 PlayStation Store Gift Card [Digital Code],,4.7 out of 5 stars,"251,689 ratings",Available now
PlayStation 4 Slim 1TB Console - Marvel's Spider-Man Bundle [Discontinued],,4.7 out of 5 stars,"2,819 ratings",
"Wireless Controller for PS4, Custom Design V2 Gamepad Joystick for PS4 with Non-Slip Grip of Both Sides and 3.5mm Audio Jack! Thumb Caps Included! (Galaxy)",,4.2 out of 5 stars,"2,897 ratings",In Stock
PlayStation 4 Pro 1TB Limited Edition Console - Star Wars Battlefront II Bundle [Discontinued],,4.3 out of 5 stars,688 ratings,Only 2 left in stock - order soon.
PlayStation 2 Slim Console PS2 (Renewed),,3.8 out of 5 stars,"1,296 ratings",In Stock
Sony Original Playstation One Console (Renewed),,3.9 out of 5 stars,433 ratings,In Stock
Wireless Retro Game Console M8 Video Game Stick 4K HDMI Output Plug and Play Nostalgia Game Box Built in 20000 Games + for TV,,3.8 out of 5 stars,9 ratings,In Stock
"Dliaonew Wireless Controller for PS4, 2 Pack Remote Control Compatible with PS4/Slim/Pro with Dual Vibration/Audio/Six-axis Motion Sensor/Game Joystick - Camo Red + Camo Green",,4.2 out of 5 stars,336 ratings,In Stock
"3D Analog Joystick Replacement for PS4/PS5 Controller - Hall Effect Sensor, Never Drift, Precise Control, Power Saving - Set of 4",,Previous page of related Sponsored Products,,
"Bluetooth Headset, V5.2 Wireless Headset with AI Noise Cancellation Microphone, On Ear Headphones with Charging Base and Bluetooth Adapter, for Computer Home Office Call Center Zoom Skype",,4.3 out of 5 stars,"1,055 ratings",In Stock
"Fachixy「2024 New」FC200 Gaming Headset with Mic for PS4/PS5/PC/Mac/Xbox One, Noise Canceling Headset with Stereo Microphone Sound, Computer Headset with 3.5mm Jack & RGB Light",,4.4 out of 5 stars,"1,636 ratings",In Stock
"2.4GHz Wireless Gaming Headset with Wired Mode, 5.4 Bluetooth Wireless Gaming Headphones for PS5, PS4, PC, Switch, Mac, Computer, PS5 Headset for Gaming, with Mic, LED, Low Latency, White",,4.3 out of 5 stars,275 ratings,In Stock
"Wireless Gaming Headset for PS5, PS4, PC, Nintendo Switch, Bluetooth 5.3 Gaming Headsets Wireless with Noise Canceling Microphone, 50H Battery, ONLY 3.5mm Wired Mode for Xbox Series - Pink",,4.7 out of 5 stars,631 ratings,In Stock
"SENZER SG500 Surround Sound Pro Gaming Headset with Noise Cancelling Microphone - Soft Memory Foam Padding - Portable Foldable Headphones for PC, PS4, PS5, Xbox One, Switch - Black",,4.2 out of 5 stars,"13,064 ratings",In Stock
