Title,Price,Author
Teks Pengajian Kejuruteraan  Awam Tingkatan 5 <>,RM22.85,by author PROF. MIR DR. HJ. MD AZLIN BIN MD SAID
Teks Pengajian Kejuruteraan  Awam Tingkatan 5 <>,RM22.85,by author PROF. MIR DR. HJ. MD AZLIN BIN MD SAID
Teks Sains Tambahan Tingkatan 5 <>,RM31.00,by author MD ARRIS BIN ABU YAMIN
Teks Sains Komputer Tingkatan 5 **,RM19.70,by author NORLINI BINTI RAMLI
Teks Fizik Tingkatan 5 **,RM10.50,by author KOAY KHENG CHUAN
Teks Geografi Tingkatan 5 **,RM16.60,by author KAMARUZAMAN BIN YUSOFF
Teks Pengajian Kejuruteraan Mekanikal Tingkatan 5 **,RM29.90,by author MOHD NAJIB BIN RAMLI
Teks Pengajian Kejuruteraan Elektrik & Elektronik Tingkatan  5 ** ,RM24.90,by author AMARUL BIN TALIP
Text A Poison Tree Form 4 & 5 **,RM12.00,by author PIE CORBETT
Text DLP - Biology Form 5 **,RM14.90,by author JARIAH BINTI KHALID
Teks Bahasa Cina Tingkatan 5 #,RM13.90,by author CHEN CHUN PING
Teks Pendidikan Al-Quran Dan As-Sunnah Tingkatan 5 #,RM22.10,by author ABDUL HAFIZ ABDULLAH
Teks Pendidikan Jasmani Dan Pendidikan Kesihatan Tingkatan 5 #,RM6.50,by author DR. MOHD NIDZAM MAT JAWIS
Text English Download B1+ Workbook Form 5 #,RM19.90,by author ELIZABETH GORDON
Teks Kimia Tingkatan 5 #,RM11.90,by author RAJA JAMALIAH BINTI RAJA SAIGON
Text DLP - Science Form 5 #,RM9.60,by author THO LAI HOONG
Text DLP - Mathematics Form 5 #,RM9.30,by author NG SENG HOW
Text  DLP - Additional Mathematics Form 5 #,RM10.50,by author ZAINI BIN MUSA
Text DLP - Physics Form 5 #,RM13.50,by author KOAY KHENG CHUAN
Text DLP - Chemistry Form 5 #,RM10.90,by author RAJA JAMALIAH BINTI RAJA SAIGON
Teks Sains Sukan Tingkatan 5 #,RM30.45,by author NELFIANTY BINTI MOHD RASYID
